service,name,city,url
resdiary,Pizza on the Park,bristol,https://dishcult.com/restaurant/bianchisrestaurant
resdiary,The George & Dragon,bristol,https://booking.resdiary.com/widget/Standard/TheGeorgeDragon/64152
resdiary,The Greyhound,bristol,https://booking.resdiary.com/widget/Standard/TheGreyhoundInn/58622
dishcult,Kal Dosa,bristol,https://dishcult.com/restaurant/dosadosa
dishcult,Gianni,bristol,https://dishcult.com/restaurant/DaGianniRestaurant
dishcult,Workout Bristol,bristol,https://dishcult.com/restaurant/bristolloafatthebeacon?sortOrder=0&page=1
dishcult,Triangle Grill,bristol,https://dishcult.com/restaurant/baregrillsbristol
dishcult,Steam Crane,bristol,https://www.dishcult.com/restaurant/goldencranebristol?sortOrder=0&page=1
dishcult,Salvatore's,bristol,https://dishcult.com/restaurant/salvatoresmedfordsquare
dishcult,Ivory flowers,bristol,https://dishcult.com/restaurant/thehandandflowers
dishcult,Vice,bristol,https://dishcult.com/restaurant/vice?sortOrder=0&page=1
dishcult,The Queens Head,bristol,https://dishcult.com/restaurant/thequeenshead3
dishcult,Piano Bar,bristol,https://dishcult.com/restaurant/chloespianobar
dishcult,Chido Wey,bristol,https://www.dishcult.com/restaurant/chidowey?sortOrder=0&page=1
dishcult,Star Food & Wine,bristol,https://dishcult.com/restaurant/cottowinebarkitchen?sortOrder=0&page=1
dishcult,ART galleries,bristol,https://dishcult.com/restaurant/steakoftheartbristol?sortOrder=0&page=1&bookingDate=2022-05-22&covers=2&promotionId=0
dishcult,Sky Blue,bristol,https://dishcult.com/restaurant/skybluerestaurant?sortOrder=0&page=1&bookingDate=2024-06-05&covers=2&promotionId=0&bookingTime=19:30
dishcult,The Ox,bristol,https://dishcult.com/restaurant/theox
dishcult,Chance & Counters,bristol,https://dishcult.com/restaurant/chanceandcounters?sortOrder=0&page=1
dishcult,Muse,bristol,https://dishcult.com/restaurant/musebrasseriebristol?sortOrder=0&amp;page=1&page=1
dishcult,Brewers,bristol,https://dishcult.com/restaurant/brewersinn
dishcult,Lamaya,bristol,https://dishcult.com/restaurant/lamaya7?sortOrder=0&page=1
dishcult,The Black Horse,bristol,https://dishcult.com/restaurant/theblackhorse1?sortOrder=0&page=1
dishcult,Office,bristol,https://dishcult.com/restaurant/theofficeeatdrinklounge
dishcult,Foresters Arms,bristol,https://dishcult.com/restaurant/forestersarms
dishcult,Magnet,bristol,https://dishcult.com/restaurant/themagnetbar
dishcult,littlefrench,bristol,https://dishcult.com/restaurant/littlefrench?sortOrder=0&page=1
dishcult,The Bakehouse,bristol,https://dishcult.com/restaurant/thebakehouse1
dishcult,Cloisters,bristol,https://dishcult.com/restaurant/matfenhallcloistersrestaurantandbar?sortOrder=0&page=1
dishcult,The Oxford,bristol,https://dishcult.com/restaurant/theoxfordgarden
dishcult,Prego,bristol,https://dishcult.com/restaurant/prego3
dishcult,The Fleece,bristol,https://dishcult.com/restaurant/thefleeceatruleholme?sortOrder=0&page=1
dishcult,The Bristol Fringe,bristol,https://dishcult.com/restaurant/bar44bristol
dishcult,The Red Lion,bristol,https://dishcult.com/restaurant/theredlion14?sortOrder=0&page=1
dishcult,Boardroom,bristol,https://dishcult.com/restaurant/theboardroomhull?sortOrder=0&page=1
dishcult,The Red Monkey,bristol,https://dishcult.com/restaurant/theredchurch
dishcult,M Cafe,bristol,https://dishcult.com/restaurant/cloudsdimsumcafewinebar
dishcult,Golden,bristol,https://dishcult.com/restaurant/goldencranebristol
dishcult,The Pump House,bristol,https://dishcult.com/restaurant/thepumphouse?sortOrder=0&page=1
dishcult,Pieminister,bristol,https://dishcult.com/restaurant/pieministerbristolbroadquay
dishcult,Arbor,bristol,https://dishcult.com/restaurant/arbordiningbar
dishcult,Little Hollows Pasta,bristol,https://dishcult.com/restaurant/littlehollowspasta
dishcult,Lazy Dog,bristol,https://dishcult.com/restaurant/thelazydog
dishcult,Espresso @,bristol,https://dishcult.com/restaurant/bardolinopizzeriabelliniespressobarbristol
dishcult,White Lion,bristol,https://dishcult.com/restaurant/whitelionhotel1?sortOrder=0&page=1
dishcult,Top Cut,bristol,https://dishcult.com/restaurant/topcut?sortOrder=0&page=1
dishcult,Lonely Mouth,bristol,https://dishcult.com/restaurant/lonelymouth
dishcult,Canton,bristol,https://dishcult.com/restaurant/zhucanton
dishcult,The Windmill,bristol,https://dishcult.com/restaurant/thewindmillrestaurantskiathos
dishcult,Nutmeg,bristol,https://dishcult.com/restaurant/nutmeg
dishcult,New Moon Tapas,bristol,https://dishcult.com/restaurant/newmoontapascliftonvillage
dishcult,Milk Bun,bristol,https://dishcult.com/restaurant/milkthistle?sortOrder=0&page=1
dishcult,Johnson's,bristol,https://dishcult.com/restaurant/jjohnsons
dishcult,The Swallows,bristol,https://dishcult.com/restaurant/swallowsnest1?sortOrder=0&page=1
dishcult,Three Brothers Burgers,bristol,https://dishcult.com/restaurant/threebrothersburgers
dishcult,Co-op,bristol,https://dishcult.com/restaurant/mokka
dishcult,Smokebox,bristol,https://dishcult.com/restaurant/smokebox
dishcult,Garden of Easton,bristol,https://dishcult.com/restaurant/thegardenofeaston1
dishcult,Full Moon,bristol,https://dishcult.com/restaurant/thefullmooninn?sortOrder=0&page=1
dishcult,Hen & Boar,bristol,https://dishcult.com/restaurant/henchicken
dishcult,Queens Head,bristol,https://dishcult.com/restaurant/queenshead1?sortOrder=0&page=1
dishcult,Mangosteen,bristol,https://dishcult.com/restaurant/mangosteen?sortOrder=0&page=1
dishcult,Dhamaka,bristol,https://dishcult.com/restaurant/dhamaka?sortOrder=0&page=1
dishcult,Star & Garter,bristol,https://dishcult.com/restaurant/stargarter?sortOrder=0&page=1&bookingDate=2023-03-11&covers=2&promotionId=0
dishcult,Giggling Squid,bristol,https://dishcult.com/restaurant/gigglingsquidclifton?sortOrder=0&page=1
dishcult,The Royal Oak,bristol,https://dishcult.com/restaurant/theroyaloak1
dishcult,The Shakespeare,bristol,https://dishcult.com/restaurant/theshakespeare?sortOrder=0&page=1
dishcult,The Orchard,bristol,https://dishcult.com/restaurant/theorchardaccor16381
dishcult,Lapin,bristol,https://dishcult.com/restaurant/lepetitlapin?sortOrder=0&page=1&bookingDate=2024-05-04&covers=2&promotionId=0&bookingTime=19:30
dishcult,Cabot Carpets,bristol,https://dishcult.com/restaurant/tgifridayscabotcircus?covers=2&amp;bookingDate=2024-02-15&amp;bookingTime=19:30&amp;sortOrder=0&amp;page=1&amp;promotionId=110897
dishcult,The Hole in the Wall,bristol,https://dishcult.com/restaurant/holeinthewall?sortOrder=0&page=1
dishcult,The Green Room,bristol,https://dishcult.com/restaurant/greenroom
dishcult,Zest,bristol,https://dishcult.com/restaurant/zestcafebakehouse
dishcult,Hope & Anchor,bristol,https://dishcult.com/restaurant/hopeanchor
dishcult,Bokman,bristol,https://dishcult.com/restaurant/bokman
dishcult,Salt & Pepper,bristol,https://dishcult.com/restaurant/saltpepperhonefoss
dishcult,Gio's,bristol,https://dishcult.com/restaurant/giosbylalombarda
dishcult,Turtle Bay,bristol,https://dishcult.com/restaurant/turtlebaybristol?sortOrder=0&page=1
dishcult,Toro,bristol,https://dishcult.com/restaurant/toro
dishcult,Clifton Thai,bristol,https://dishcult.com/restaurant/cliftonthai
dishcult,Marco’s Olive Branch,bristol,https://www.dishcult.com/restaurant/marcosnewyorkitaliansouthgloucestershire
dishcult,Caffe Clifton,bristol,https://dishcult.com/restaurant/coppaclifton
dishcult,Afternoon Tea Parlour,bristol,https://dishcult.com/restaurant/thevintagetearoomatashwellco?sortOrder=0&page=1
dishcult,The Bank,bristol,https://dishcult.com/restaurant/thebanktavern?sortOrder=0&page=1
dishcult,Bank,bristol,https://dishcult.com/restaurant/bank
dishcult,Gin & Juice,bristol,https://dishcult.com/restaurant/ginjuicemumbles?sortOrder=0&page=1
dishcult,Pizza Palace,bristol,https://dishcult.com/restaurant/discopizzapalace
dishcult,Seven Lucky Gods,bristol,https://dishcult.com/restaurant/sevenluckygods?sortOrder=0&page=1
dishcult,London Inn,bristol,https://dishcult.com/restaurant/londoninn?sortOrder=0&page=1
dishcult,The Three Tuns,bristol,https://dishcult.com/restaurant/thethreetunslichfield?sortOrder=0&page=1
dishcult,The Range,bristol,https://dishcult.com/restaurant/therangeatbroadlands?sortOrder=0&page=1
dishcult,ABC,bristol,https://dishcult.com/restaurant/abcrest?sortOrder=0&page=1&bookingDate=25+Jan+2022&bookingTime=19:30
dishcult,Olive & Fig,bristol,https://dishcult.com/restaurant/oliveandfig
dishcult,Pizza Stop,bristol,https://dishcult.com/restaurant/vipveryitalianpizza?sortOrder=0&page=1
dishcult,Ritual,bristol,https://dishcult.com/restaurant/theritual?sortOrder=0&page=1
dishcult,Illuminati,bristol,https://dishcult.com/restaurant/seupizzailluminati?sortOrder=0&page=1&bookingDate=2024-02-04&covers=2&promotionId=0
dishcult,Pocha,bristol,https://dishcult.com/restaurant/horangeepocha
dishcult,Shanghai,bristol,https://dishcult.com/restaurant/shanghaioriental
dishcult,Milano,bristol,https://dishcult.com/restaurant/pizziummilanoviasolari
dishcult,The Criterion,bristol,https://dishcult.com/restaurant/criterionhotel
dishcult,Burger Theory,bristol,https://dishcult.com/restaurant/burgertheory?sortOrder=0&page=1
dishcult,The Three Lions,bristol,https://dishcult.com/restaurant/thethreelions
dishcult,Aqua,bristol,https://dishcult.com/restaurant/aquawhiteladiesroad?sortOrder=0&page=1&bookingDate=2021-10-02&bookingTime=Invalid+date
dishcult,The King's Head,bristol,https://dishcult.com/restaurant/thekingshead1?sortOrder=0&page=1
dishcult,The Old Market Assembly,bristol,https://dishcult.com/restaurant/theoldmarketassembly?sortOrder=0&page=1
dishcult,The Victoria,bristol,https://dishcult.com/restaurant/theoldevictoria
dishcult,The Berkeley,bristol,https://dishcult.com/restaurant/theberkeleyhotelcedricgrolet?sortOrder=0&page=1&bookingDate=2024-02-05&covers=2&promotionId=0
dishcult,Uncle Wah - Dim Sum,bristol,https://dishcult.com/restaurant/unclewahdimsumparlour
dishcult,Strawberry Thief,bristol,https://dishcult.com/restaurant/thestrawberrythief?sortOrder=0&amp;page=1&page=1
dishcult,Jojo,bristol,https://dishcult.com/restaurant/jojos1?sortOrder=0&page=1&bookingDate=2023-07-04&covers=2&promotionId=0&bookingTime=19:30
dishcult,Casa Nova,bristol,https://dishcult.com/restaurant/casanovagreenhills?sortOrder=0&page=1
dishcult,Chandos,bristol,https://dishcult.com/restaurant/chandosrestaurant
dishcult,Mackenzies Bar + Kitchen,bristol,https://dishcult.com/restaurant/mackenziescafebarbristol
dishcult,No. 51,bristol,https://dishcult.com/restaurant/baregrillsbristol?sortOrder=0&page=1
dishcult,The Albion,bristol,https://dishcult.com/restaurant/thealbionbristol
dishcult,The Mill House,bristol,https://dishcult.com/restaurant/themillhousehotel?sortOrder=0&page=1
dishcult,Flat Iron Bristol,bristol,https://dishcult.com/restaurant/bristolloafatthebeacon
dishcult,Pizza Master,bristol,https://dishcult.com/restaurant/pizzabianchi?sortOrder=0&page=1&bookingDate=2023-05-20&covers=2&promotionId=0
dishcult,Spirited,bristol,https://dishcult.com/restaurant/spirited
dishcult,Pasta Ripiena,bristol,https://dishcult.com/restaurant/pastaripiena?sortOrder=0&page=1
dishcult,Bertha's Pizza,bristol,https://dishcult.com/restaurant/berthaspizza
dishcult,White Bear,bristol,https://dishcult.com/restaurant/blackbearburgerwestfieldwhitecity
dishcult,March Hare,bristol,https://dishcult.com/restaurant/marchhare
dishcult,The Pipe & Slippers,bristol,https://dishcult.com/restaurant/thepipeandslippers?sortOrder=0&page=1
dishcult,The Gloucester Old Spot,bristol,https://dishcult.com/restaurant/thegloucesteroldspot?sortOrder=0&page=1
dishcult,Eden,bristol,https://dishcult.com/restaurant/edencafeclifton?sortOrder=0&page=1&bookingDate=2023-06-29&covers=2&promotionId=0
dishcult,Horse & Jockey,bristol,https://dishcult.com/restaurant/thehorsejockey1
dishcult,Mugshot,bristol,https://dishcult.com/restaurant/mugshotrestaurants?sortOrder=0&page=1
dishcult,Junction,bristol,https://dishcult.com/restaurant/junction1?sortOrder=0&page=1
dishcult,The Cow & Sow,bristol,https://dishcult.com/restaurant/thecowsowwhiteladiesroad?sortOrder=0&amp;page=1
dishcult,M&M,bristol,https://dishcult.com/restaurant/mintmustardpenarth?sortOrder=0&page=1&bookingDate=2023-03-11&covers=2&promotionId=0
dishcult,The Sugar Loaf,bristol,https://dishcult.com/restaurant/thebristolloafbedminster
dishcult,Corks,bristol,https://dishcult.com/restaurant/corksoutalderleyedge
dishcult,No. 1 York Place,bristol,https://dishcult.com/restaurant/1yorkplace
dishcult,Tony,bristol,https://dishcult.com/restaurant/tonysbarandgrill?sortOrder=0&page=1
dishcult,The Barley Mow,bristol,https://dishcult.com/restaurant/thebarleymow
dishcult,Chopsticks,bristol,https://dishcult.com/restaurant/twistedchopsticks
dishcult,Santiago's,bristol,https://dishcult.com/restaurant/santiago?sortOrder=0&page=1
dishcult,St. George's,bristol,https://dishcult.com/restaurant/StGeorgesHotel
dishcult,The Hideaway,bristol,https://dishcult.com/restaurant/thehideawayatdiscovery
dishcult,The Kings Arms,bristol,https://dishcult.com/restaurant/thekingsarms
dishcult,Chance & Counters,bristol,https://dishcult.com/restaurant/chancecounters?covers=2&bookingDate=2025-02-23&bookingTime=04:15
dishcult,Namak,bristol,https://dishcult.com/restaurant/namak
dishcult,The Filthy Thirteen,bristol,https://dishcult.com/restaurant/filthyxiii
dishcult,Steak of the Art,bristol,https://dishcult.com/restaurant/steakoftheartbristol?sortOrder=0&page=1
dishcult,Glitch,bristol,https://dishcult.com/restaurant/glitch?sortOrder=0&page=1&bookingDate=2023-06-02&covers=2&promotionId=0
dishcult,Grain Barge,bristol,https://dishcult.com/restaurant/thegrainbarge
dishcult,The Galley,bristol,https://dishcult.com/restaurant/thegalleyrestaurant
dishcult,Momo Bar,bristol,https://dishcult.com/restaurant/momo1?sortOrder=0&page=1
dishcult,Aurora,bristol,https://dishcult.com/restaurant/aurorabar?sortOrder=0&page=1&bookingDate=2022-09-04&covers=2&promotionId=0
dishcult,The Old Post Office,bristol,https://dishcult.com/restaurant/theoldpostoffice
dishcult,Brace & Browns,bristol,https://dishcult.com/restaurant/bracebrowns?sortOrder=0&page=1&bookingDate=2023-11-29&covers=2&promotionId=0&bookingTime=19:30
dishcult,Main St.,bristol,https://dishcult.com/restaurant/mainstlocalkitchen
dishcult,Charcoal Grill,bristol,https://dishcult.com/restaurant/terracecharcoalgrillloungebar?sortOrder=0&page=1
dishcult,The Christmas Steps,bristol,https://dishcult.com/restaurant/thechristmassteps?sortOrder=0&amp;page=1&page=1
dishcult,Mayflower,bristol,https://dishcult.com/restaurant/mayflower?sortOrder=0&page=1
dishcult,The Bay Horse,bristol,https://dishcult.com/restaurant/thebayhorsetavern?sortOrder=0&amp;page=1
dishcult,Cappadocia,bristol,https://dishcult.com/restaurant/cappadociarestaurantbristol?sortOrder=0&page=1
dishcult,No12 Easton · Cafe,bristol,https://dishcult.com/restaurant/thalieaston
dishcult,Hotel Chocolat,bristol,https://dishcult.com/restaurant/hotelbristol1
dishcult,The Kensington Arms,bristol,https://dishcult.com/restaurant/thekensingtonarms
dishcult,Adams Mini Market,bristol,https://dishcult.com/restaurant/theoldmarketassembly
dishcult,Jacobs,bristol,https://dishcult.com/restaurant/jacobscafebargrill
dishcult,Butlers,bristol,https://dishcult.com/restaurant/butlersrestaurantbar?sortOrder=0&page=1
dishcult,Oscar's,bristol,https://dishcult.com/restaurant/oscars2
dishcult,Cave,bristol,https://dishcult.com/restaurant/cave?sortOrder=0&page=1
dishcult,Rose and Crown,bristol,https://dishcult.com/restaurant/therosecrown1?sortOrder=0&page=1&bookingDate=2023-11-30&covers=2&promotionId=0&bookingTime=19:30
dishcult,Côte Brasserie,bristol,https://dishcult.com/restaurant/musebrasseriebristol?sortOrder=0&page=1&bookingDate=2023-09-29&covers=2&promotionId=0
dishcult,The Kiln,bristol,https://dishcult.com/restaurant/kiln?sortOrder=0&page=1&bookingDate=2021-11-13&bookingTime=Invalid+date&covers=2
dishcult,Chi foof,bristol,https://dishcult.com/restaurant/chibristol
dishcult,Coffee Club,bristol,https://dishcult.com/restaurant/thecoffeeclub1
dishcult,Tribeca,bristol,https://dishcult.com/restaurant/tribecarestaurant
dishcult,The Rising Sun,bristol,https://dishcult.com/restaurant/therisingsun?sortOrder=0&page=1&bookingDate=2022-08-27&covers=2&promotionId=0
dishcult,Rising Sun,bristol,https://dishcult.com/restaurant/therisingsun2?sortOrder=0&page=1
dishcult,Blaise Inn,bristol,https://dishcult.com/restaurant/theblaiseinn
dishcult,Westbury Park Chiropractic & Physiotherapy,bristol,https://dishcult.com/restaurant/westburyparkpub
dishcult,The Aqua Grand Cafe,bristol,https://dishcult.com/restaurant/aquawhiteladiesroad
dishcult,The Clifton Sausage,bristol,https://dishcult.com/restaurant/thecliftonsausage?sortOrder=0&page=1
dishcult,Bianchis,bristol,https://dishcult.com/restaurant/bianchisrestaurant?sortOrder=0&page=1
dishcult,The White Hart,bristol,https://dishcult.com/restaurant/thewhitehartlittleton
dishcult,The Mothers' Ruin,bristol,https://dishcult.com/restaurant/mothersruin
dishcult,Chophouse,bristol,https://dishcult.com/restaurant/chophouseatfutureinnbristol?sortOrder=0&amp;page=1
dishcult,Golden Lion,bristol,https://dishcult.com/restaurant/thegoldenlion
dishcult,The Plough,bristol,https://dishcult.com/restaurant/theploughhotelrestaurant?sortOrder=0&page=1
dishcult,Six by Nico,bristol,https://dishcult.com/restaurant/sixbynicobirmingham?sortOrder=0&page=1
dishcult,The Bridge Inn,bristol,https://dishcult.com/restaurant/thebridgeinn
dishcult,The Plough Inn,bristol,https://dishcult.com/restaurant/ploughinn?sortOrder=0&page=1
dishcult,Indian Rassasy,bristol,https://dishcult.com/restaurant/indianrassasy
dishcult,No 12,bristol,https://dishcult.com/restaurant/no12hotelbistro?sortOrder=0&page=1
dishcult,Joeys,bristol,https://dishcult.com/restaurant/joeysbreakfast
dishcult,The Green Man,bristol,https://dishcult.com/restaurant/thegreenman
dishcult,Clifton Village Fish Bar‎,bristol,https://dishcult.com/restaurant/newmoontapascliftonvillage?sortOrder=0&amp;page=1
dishcult,Hyde & Co.,bristol,https://dishcult.com/restaurant/hydecoprohibitioncocktailbar?sortOrder=0&page=1
dishcult,Pizza Workshop,bristol,https://dishcult.com/restaurant/pizzaworkshopwhiteladiesroad?sortOrder=0&page=1
dishcult,Little Martha Brewing,bristol,https://dishcult.com/restaurant/littleshopandpantry
dishcult,Reflections,bristol,https://dishcult.com/restaurant/alexanderhousereflectionsrestaurant
dishcult,Beirut Mezze,bristol,https://dishcult.com/restaurant/mezzeatthegreendragon
dishcult,Fox & West,bristol,https://dishcult.com/restaurant/foxgoose
dishcult,Craft & More,bristol,https://dishcult.com/restaurant/beerdcraftbeerandpizza
dishcult,Thai Garden,bristol,https://dishcult.com/restaurant/thaigardengalway?sortOrder=0&page=1
dishcult,The Phoenix,bristol,https://dishcult.com/restaurant/thephoenixinn
dishcult,White Harte,bristol,https://dishcult.com/restaurant/thewhitehorsehambrook
dishcult,The Bull Inn,bristol,https://dishcult.com/restaurant/thebull3?sortOrder=0&page=1
dishcult,Ripples,bristol,https://dishcult.com/restaurant/ripplesatchowderbay
dishcult,Bliss,bristol,https://dishcult.com/restaurant/bliss
dishcult,Bush,bristol,https://dishcult.com/restaurant/thebushinn
dishcult,Florence,bristol,https://dishcult.com/restaurant/florencejesmond
dishcult,Rock Salt,bristol,https://dishcult.com/restaurant/rocksalt1?sortOrder=0&page=1
dishcult,Harvest,bristol,https://dishcult.com/restaurant/harvest2
dishcult,The Croft,bristol,https://dishcult.com/restaurant/thecroft1
dishcult,Forty North Street Barbershop,bristol,https://dishcult.com/restaurant/pizzaworkshopnorthstreet
dishcult,Reflections,bristol,https://dishcult.com/restaurant/reflectionsaccor17595?sortOrder=0&page=1
dishcult,Victoria's,bristol,https://dishcult.com/restaurant/victoriaspitlochry
dishcult,Qube,bristol,https://dishcult.com/restaurant/burntwoodcourthotelquberestaurant
dishcult,Sergio's,bristol,https://dishcult.com/restaurant/restaurantesergio
dishcult,Thali Cafe,bristol,https://dishcult.com/restaurant/thalimontpelier?sortOrder=0&page=1
dishcult,Fujiyama,bristol,https://dishcult.com/restaurant/fujiyamajapaneserestaurant
dishcult,Robin Hood,bristol,https://dishcult.com/restaurant/therobinhoodbaslow?sortOrder=0&page=1
dishcult,Replay,bristol,https://dishcult.com/restaurant/replaybristol
dishcult,La Scala,bristol,https://dishcult.com/restaurant/lascalabistro?page=2
dishcult,Botanica,bristol,https://dishcult.com/restaurant/restaurantbotanica?sortOrder=0&page=1&bookingDate=2023-05-24&covers=2&promotionId=0
dishcult,Cow & Sow,bristol,https://dishcult.com/restaurant/thecowsowwhiteladiesroad?sortOrder=0&page=1
dishcult,Poco,bristol,https://dishcult.com/restaurant/pocotapasbar
dishcult,Pebble,bristol,https://dishcult.com/restaurant/pebblebeachrestaurantrooms
dishcult,Star,bristol,https://dishcult.com/restaurant/underthestars?sortOrder=0&page=1
dishcult,Curry House,bristol,https://dishcult.com/restaurant/theroyalcurryhousenarellan
dishcult,The Alma,bristol,https://dishcult.com/restaurant/almaarms1
dishcult,Pizza Company,bristol,https://dishcult.com/restaurant/theportlandpizzacompanyatblackbarge
dishcult,Bocabar-Finzels,bristol,https://dishcult.com/restaurant/bocabarfinzelsreach
dishcult,The Lounge,bristol,https://dishcult.com/restaurant/TheLoungeBarBistro
dishcult,"""It's Not"" Hot Pot",bristol,https://dishcult.com/restaurant/itsnothotpot?sortOrder=0&page=1
dishcult,Tropicana Restaurant,bristol,https://dishcult.com/restaurant/tropicanarestaurantaccor16629
dishcult,East Village,bristol,https://dishcult.com/restaurant/eastvillage
dishcult,Revolution,bristol,https://dishcult.com/restaurant/therevolution?sortOrder=0&page=1
dishcult,The Prince of Wales,bristol,https://dishcult.com/restaurant/theprinceofwales?sortOrder=0&page=1
dishcult,The Met,bristol,https://dishcult.com/restaurant/themetropolitan
dishcult,Aboe,bristol,https://dishcult.com/restaurant/aboe?sortOrder=0&page=1
dishcult,Brown's,bristol,https://dishcult.com/restaurant/dextersatbrowns
dishcult,The Chelsea,bristol,https://dishcult.com/restaurant/zialuciachelsea?sortOrder=0&page=1
dishcult,The Lifeboat Inn,bristol,https://dishcult.com/restaurant/lifeboatinn?sortOrder=0&page=1
dishcult,The Greenbank,bristol,https://dishcult.com/restaurant/thegreenbank?sortOrder=0&page=1
dishcult,The Old Fish Market,bristol,https://dishcult.com/restaurant/catchattheoldfishmarket
dishcult,The Gallimaufry,bristol,https://dishcult.com/restaurant/thegallimaufry?sortOrder=0&page=1
dishcult,Uncle Wah,bristol,https://dishcult.com/restaurant/unclewahdimsum
dishcult,Littleshop & Pantry,bristol,https://dishcult.com/restaurant/littleshopandpantry?sortOrder=0&page=1
dishcult,Coach & Horses,bristol,https://dishcult.com/restaurant/coachhorses?sortOrder=0&page=1
dishcult,Garden Centre,bristol,https://dishcult.com/restaurant/homegrowngardencentre?sortOrder=0&page=1
dishcult,Bar 57,bristol,https://dishcult.com/restaurant/downingsbar
dishcult,The Conservatory,bristol,https://dishcult.com/restaurant/theconservatorybar
dishcult,The Trooper,bristol,https://dishcult.com/restaurant/thetrooper
dishcult,St Werburghs City Farm Cafe,bristol,https://dishcult.com/restaurant/stablescafeatnewmanorfarm
dishcult,Cafe 31,bristol,https://dishcult.com/restaurant/cafe31
dishcult,Jade Palace,bristol,https://dishcult.com/restaurant/jadepalace
dishcult,Harbour House,bristol,https://dishcult.com/restaurant/iontheharbour?sortOrder=0&page=1&bookingDate=2024-03-28&covers=2&promotionId=0&bookingTime=19:30
dishcult,The Bell,bristol,https://dishcult.com/restaurant/thebellsapperton?sortOrder=0&page=1
dishcult,Colosseum,bristol,https://dishcult.com/restaurant/colosseum?sortOrder=0&page=1
dishcult,Greco,bristol,https://dishcult.com/restaurant/elgrecoleeds
dishcult,The George,bristol,https://dishcult.com/restaurant/thegeorge3?sortOrder=0&page=1
dishcult,Regis,bristol,https://dishcult.com/restaurant/parkregishotel
dishcult,Barley Mow,bristol,https://dishcult.com/restaurant/thebarleymow1
dishcult,The Crown,bristol,https://dishcult.com/restaurant/thecrown2
dishcult,Olive Tree,bristol,https://dishcult.com/restaurant/olivetreeturkishrestaurantandbarbedford
dishcult,Hugo's,bristol,https://dishcult.com/restaurant/hugosrestaurant1?sortOrder=0&page=1
dishcult,The Kings Head,bristol,https://dishcult.com/restaurant/thekingshead5?sortOrder=0&page=1
dishcult,Raj,bristol,https://dishcult.com/restaurant/joyraj
dishcult,The Cottage Inn,bristol,https://dishcult.com/restaurant/thecottageinn
dishcult,Leftbank,bristol,https://dishcult.com/restaurant/leftbank
dishcult,Woodstock,bristol,https://dishcult.com/restaurant/thewoodstockarmsoxford
dishcult,Indian Kitchen,bristol,https://dishcult.com/restaurant/achariindiankitchen
dishcult,The Beehive,bristol,https://dishcult.com/restaurant/thebeehivemontpellier
dishcult,The Packhorse,bristol,https://dishcult.com/restaurant/thepackhorse?sortOrder=0&page=1
dishcult,Wilsons,bristol,https://dishcult.com/restaurant/wilsons
dishcult,Poppy's,bristol,https://dishcult.com/restaurant/poppyscafe
dishcult,The White Horse,bristol,https://dishcult.com/restaurant/thewhitehorsehambrook?sortOrder=0&page=1
dishcult,Dragon's Delicacy,bristol,https://dishcult.com/restaurant/dragonsdelicacy?sortOrder=0&page=1
dishcult,Luigi's,bristol,https://dishcult.com/restaurant/luigispizza?sortOrder=0&page=1
dishcult,Punchbowl,bristol,https://dishcult.com/restaurant/punchbowllapworth
dishcult,Nomad,bristol,https://dishcult.com/restaurant/nomad
dishcult,The Strand,bristol,https://dishcult.com/restaurant/thestrandbar
dishcult,The Anchor,bristol,https://dishcult.com/restaurant/theanchorclub
dishcult,Bambalan,bristol,https://dishcult.com/restaurant/bambalan?sortOrder=0&page=1
dishcult,Inn on the Green,bristol,https://dishcult.com/restaurant/theinnonthegreen1?sortOrder=0&page=1
dishcult,The Clyde,bristol,https://dishcult.com/restaurant/caskclyde
dishcult,The Eastfield,bristol,https://dishcult.com/restaurant/theeastfieldpub?sortOrder=0&amp;page=1&page=1
dishcult,The Ship Inn,bristol,https://dishcult.com/restaurant/theshipinn8?sortOrder=0&page=1
dishcult,Press,bristol,https://dishcult.com/restaurant/thepressclub1
dishcult,Red Lion Carpets,bristol,https://dishcult.com/restaurant/theredlionandsun?sortOrder=0&page=1
dishcult,Grano,bristol,https://dishcult.com/restaurant/granotrondheim
dishcult,Perfect Pizza,bristol,https://dishcult.com/restaurant/vicepizzawingshopphibsborough?sortOrder=0&page=1
dishcult,The Court,bristol,https://dishcult.com/restaurant/thecourthousecoffeebarandresturant
dishcult,Nova,bristol,https://dishcult.com/restaurant/nova1
dishcult,The Knowle,bristol,https://dishcult.com/restaurant/theknowle?sortOrder=0&page=1
dishcult,The Cricketers,bristol,https://dishcult.com/restaurant/thecricketers1?sortOrder=0&page=1
dishcult,The Dark Horse,bristol,https://dishcult.com/restaurant/thedarkhorse?sortOrder=0&page=1
dishcult,Kabuki,bristol,https://dishcult.com/restaurant/kabukijapaneserestaurant
dishcult,The Lantern,bristol,https://dishcult.com/restaurant/thelanterninn?sortOrder=0&page=1
dishcult,The Lion,bristol,https://dishcult.com/restaurant/thelionbrasserie?sortOrder=0&page=1&bookingDate=2023-07-21&covers=2&promotionId=0
dishcult,The Love Inn,bristol,https://dishcult.com/restaurant/theloveinn?sortOrder=0&page=1
dishcult,Pizza Top,bristol,https://dishcult.com/restaurant/federicopizzaovaledal1929milano
dishcult,The Star,bristol,https://dishcult.com/restaurant/thestaratcotton
dishcult,Kin,bristol,https://dishcult.com/restaurant/joesitaliankitchenatkinvineyards
dishcult,Rendezvous,bristol,https://dishcult.com/restaurant/cathayrendezvous
dishcult,Gusto,bristol,https://dishcult.com/restaurant/gustorestaurantcafebar?sortOrder=0&page=1
dishcult,The Dark Horse,bristol,https://www.dishcult.com/restaurant/thedarkhorse
dishcult,Pazzo,bristol,https://dishcult.com/restaurant/pazzobristol
dishcult,OmBré,bristol,https://dishcult.com/restaurant/dtbyhiltonmaltaombrecafebistro
dishcult,Salt & Malt,bristol,https://dishcult.com/restaurant/saltandmalt
dishcult,The Farside,bristol,https://dishcult.com/restaurant/thefarside
dishcult,Barber Browns,bristol,https://dishcult.com/restaurant/bracebrowns?sortOrder=0&page=1
dishcult,Foster,bristol,https://dishcult.com/restaurant/drfoster?sortOrder=0&page=1
dishcult,Lime Kiln,bristol,https://dishcult.com/restaurant/thelimekilncafebar
dishcult,Cafe Amore,bristol,https://dishcult.com/restaurant/cafeamorebistro
dishcult,Peggy's,bristol,https://dishcult.com/restaurant/peggysbarrestaurant
dishcult,Brewhouse & Kitchen,bristol,https://dishcult.com/restaurant/monkeybrewhouse
dishcult,Sorrento Pizza,bristol,https://dishcult.com/restaurant/georgesonsorrento
dishcult,Soukitchen,bristol,https://dishcult.com/restaurant/soukitchensouthville?sortOrder=0&page=1&bookingDate=2022-04-20&covers=2&promotionId=0
dishcult,Reina,bristol,https://dishcult.com/restaurant/reinakitchen?sortOrder=0&page=1&bookingDate=2021-09-27
dishcult,The Beckford,bristol,https://dishcult.com/restaurant/thebeckfordarms
dishcult,Parkers,bristol,https://dishcult.com/restaurant/theparkersarms?sortOrder=0&page=1
dishcult,Adelina Yard,bristol,https://dishcult.com/restaurant/adelinayard?sortOrder=0&page=1
dishcult,Masons Arms,bristol,https://dishcult.com/restaurant/themasonsarms
dishcult,The Wellington,bristol,https://dishcult.com/restaurant/wellingtongastropub?sortOrder=0&page=1
dishcult,Smoke & Mirrors,bristol,https://dishcult.com/restaurant/smokemirrors
dishcult,The Bear,bristol,https://dishcult.com/restaurant/thebearhotel
dishcult,Casa Brasil,bristol,https://dishcult.com/restaurant/casabrasilbristol?sortOrder=0&page=1
dishcult,Seven Stars,bristol,https://dishcult.com/restaurant/thesevenstarsatmarshbaldon1?sortOrder=0&page=1
dishcult,Her Majesty's Secret Service,bristol,https://dishcult.com/restaurant/hermajestyssecretservice
dishcult,Native Vine,bristol,https://dishcult.com/restaurant/nativevinewinebarandbottleshop?sortOrder=0&page=1
dishcult,Haveli,bristol,https://dishcult.com/restaurant/havelitheyard?sortOrder=0&page=1
dishcult,The Spotted Cow,bristol,https://dishcult.com/restaurant/thespottedcow?sortOrder=0&amp;page=1&page=1
dishcult,Izakaya,bristol,https://dishcult.com/restaurant/izakayajapanesebarclifton
dishcult,Bulrush Restaurant,bristol,https://dishcult.com/restaurant/bulrush100?page=3
dishcult,The Malago,bristol,https://dishcult.com/restaurant/themalago
dishcult,The Spotted Cow,bristol,https://dishcult.com/restaurant/thespottedcow?sortOrder=0&page=1
dishcult,Lounge,bristol,https://dishcult.com/restaurant/eightfolddimsumcocktaillounge
dishcult,The Canteen,bristol,https://dishcult.com/restaurant/yeovalleycanteen
dishcult,The Ashville,bristol,https://dishcult.com/restaurant/theashvillesteakhouse?sortOrder=0&page=1
dishcult,Nova Scotia,bristol,https://dishcult.com/restaurant/novascotia?sortOrder=0&amp;page=1&page=1
dishcult,Black Cumin,bristol,https://dishcult.com/restaurant/blackcumin
dishcult,Gather,bristol,https://dishcult.com/restaurant/gather1
dishcult,The Saigon Kitchen,bristol,https://dishcult.com/restaurant/thesaigonkitchen
dishcult,The King's Arms,bristol,https://dishcult.com/restaurant/thekingsarms2
dishcult,Recess,bristol,https://dishcult.com/restaurant/recesshiltongardeninnglasgow?sortOrder=0&page=1
dishcult,The Lock Up,bristol,https://dishcult.com/restaurant/thelockup
dishcult,George's,bristol,https://dishcult.com/restaurant/georgesbistro
dishcult,The Baffled King,bristol,https://dishcult.com/restaurant/thebaffledking?sortOrder=0&page=1&bookingDate=2023-11-13&covers=2&promotionId=0
dishcult,Golden Lion,bristol,https://dishcult.com/restaurant/thegoldenlion?sortOrder=0&page=1
dishcult,Blue Dolphin,bristol,https://dishcult.com/restaurant/thebluepelican
